O001;Alaplap MSI A55M-E33 sFM2 DDR3 VGA PCIE16x1 Raid mATX;13348,97
J002;Alaplap MSI H81M-P32 s1150 H81 1xPCIE VGA mATX;13971,27
W003;Alaplap MSI H87M-E35 s1150 H87 VGA DVI HDMI mATX;24700,23
R004;Alaplap MSI H81M-E33 s1150 H81 1xPCIE VGA mATX;13276,58
V005;Alaplap MSI A88X-G43 sFM2 A88X VGA PCIE16x2 Raid ATX;23454,36
P006;Alaplap MSI Z87-G41 PC Mate s1150 Z87 ATX;28188,92
F007;Alaplap MSI Z87M-G43 s1150 Z87 HDMI Raid mATX;28912,82
Q008;Alaplap MSI Z87-G43 s1150 Z87 HDMI Raid ATX;31996,38
B009;Alaplap MSI Z87-G45 Gaming s1150 Z87 HDMI Raid ATX;42710,1
T010;Alaplap MSI 990FXA-GD80 sAM3+ 990FX Raid ATX;49168,05
A011;Alaplap MSI 990FXA-GD65 sAM3+ 990FX Raid ATX;34052,51
O012;Alaplap MSI A88XM-E35 sFM2+ A88X VGA PCIE16 mATX;16287,75
K013;Alaplap MSI B75MA-E33 s1155 DDR3 VGA PCIE mAT;15622,27
J014;Alaplap MSI H61M-P31W8 s1155 DDR3 GBE LAN mATX;10960,1
B015;Alaplap MSI H81M-P33 s1150 H81 1xPCIE VGA Matx;12785,09
T016;Alaplap MSI Z68A-GD55 (G3) s1155 2xPCIE 2xUSB3;34298,89
H017;Alaplap MSI Z77 MPOWER s1155 Z77 HDMI DP GBLAN Raid ATX;55740,3
D018;Alaplap MSI Z87-GD65 Gaming s1150 DDR3 Raid HDMI ATX;55016,4
T019;Alaplap GigaByte GA 78LMT-S2P-USB3 AMD760 AM3 DDR3 PCIE GbE mATX;14898,37
W020;Alaplap GigaByte 970A-UD3P sAM3+ DDR3 Raid PCIE ATX;24902,16
P021;Alaplap GigaByte GA H77-D3H s1155 DDR3  VGA HDMI USB3 ATX;25236,17
W022;Alaplap GigaByte GA H81-D3 s1150 H81 DDR3 LAN ATX;16201,39
Y023;Alaplap GigaByte GA H81M-DS2V s1150 H81 DDR3 LAN mATX;14043,66
Y024;Alaplap GigaByte GA H81M-DS2 s1150 H81 DDR3 LAN Matx;14043,66
A025;Alaplap GigaByte GA H81M-S2PV s1150 H81 DDR3 LAN mATX;14622,78
V026;Alaplap ASUS F2A85-M PRO FM2 A85 VGA USB3 mATX;30403,8
I027;Alaplap ASUS M5A78L-M/USB3 sAM3+ DDR3 PCIE GbE ATX;17228,82
Y028;Alaplap ASUS M5A97 EVO sAM3+ AMD970 DDR3 PCIE ATX;26249,63
N029;Alaplap ASUS H81I-PLUS s1150 H81 1xPCIE VGA mITX;22585,68
V030;Alaplap ASUS H81M-E s1150 H81 1xPCIE VGA mATX;14058,9
M031;Alaplap ASUS H81M-A s1150 H81 1xPCIE VGA mATX;15636,24
F032;Alaplap ASUS H81M-PLUS s1150 H81 1xPCIE VGA mATX;16649,7
B033;Alaplap ASUS H81M-K s1150 H81 1xPCIE VGA mATX;14015,72
X034;Alaplap ASUS H81M-C s1150 H81 1xPCIE VGA Matx;14879,32
J035;Alaplap ASUS H81-PLUS s1150 H81 3xPCIE ATX;17070,07
V036;Alaplap ASUS B85-PLUS s1150 B85 2xPCIE 4xUSB3  ATX;25365,71
D037;Alaplap ASUS H87M-E s1150 H87 2xPCIE 6xUSB3 VGA mATX;25105,36
F038;Alaplap ASUS H87M-PLUS s1150 H87 2xPCIE 6xUSB3 VGA mATX;26784,3
N039;Alaplap ASUS H87M-PRO s1150 H87 2xPCIE 6xUSB3 VGA mATX;32430,72
C040;Alaplap ASUS H87-PLUS s1150 H87 2xPCIE 4xUSB3 VGA ATX;26697,94
P041;Alaplap ASUS Maximus VI Extreme s1150 Z87 8xUSB3 ATX;112928,4
Y042;Alaplap ASUS P8B75-V s1155 4xDDR3 PCIE 1xSATA3 ATX;20920,71
R043;Alaplap ASUS Z87-A s1150 Z87 3xPCIE 6xUSB3 VGA ATX;41551,86
G044;Alaplap ASUS Z87-C s1150 Z87 2xPCIE 6xUSB3 VGA ATX;38164,77
N045;CPU AMD Sempron AM3 145 Sempron 2,8G BOX 1M 45W 64bit;9972,04
A046;CPU AMD Athlon II x2 270 DualCore TRAY 2M;10491,47
N047;CPU AMD Athlon II x2 280 DualCore TRAY 2M;11193,78
M048;CPU AMD Athlon II x2 280 DualCore AM3x2 280 DC 3,6G BOX 2M;13978,89
R049;CPU AMD FM1x3 A6-3500 Llano 2,1G 3M BOX HD6530D;14721,84
G050;CPU AMD FM2 x2 370K TC 4,0G L2 1Mb 65W 1Mb BOX;14265,91
R051;CPU AMD FM2 x4 740 Quad 3,5G BOX 4M;18917,92
H052;CPU AMD FM2 x4 750K Quad 3,4G BOX 4M;20497,8
S053;CPU AMD FM2 x4 760K Quad 3,8G L2 4Mb 100W BOX;22416,77
Z054;CPU AMD FM2 A4-4000 3,0G Richland 1M BOX;10739,12
S055;CPU AMD FM2 A4-5300  3,4G Trinity 1M BOX;12119,61
W056;CPU AMD FM2 A6-5400K Trinity 3,6G 1M BOX;15361,92
R057;CPU AMD FM2 A6-6400K Richland 3,9G 1M BOX;16159,48
W058;CPU AMD FM2 A8-5500 Trinity 3,2G 4M BOX;25247,6
T059;CPU AMD FM2 A8-6500 Richland 3,5G 4M BOX;27655,52
B060;CPU AMD FM2 A10-5700 Trinity 3,4G 4M BOX;32545,02
Y061;CPU AMD FM2 A10-5800K Trinity 3,8G 4MBOX;29159,2
E062;CPU AMD FM2 A10-6800K Richland 4,1G 4MBOX;38348,92
C063;CPU AMD FM2 A10-6790K Richland 4,0G L2 4Mb 100W BOX;34336,99
J064;CPU AMD FM2 A10-6700T Richland 2,5G L2 4Mb 45W BOX;40111,68
N065;CPU AMD FX-4130 3.8G 8MB AM3+ FD4130FRGU BOX;24678,64
P066;CPU AMD FX-4300 3.8G  8Mb AM3+ 95w FD4300WMHKBOX;27879,04
M067;CPU AMD FX-4350 4.2G 12Mb AM3+ 125w FD4350FRHKBOX;30340,3
N068;CPU AMD FX-6300 3.50G 95W AM3+ FD6300WMHKBOX;31300,42
I069;CPU AMD FX-6350 3.90G 125W AM3+ FD6350FRHKBOX;36897,31
A070;Intel Celeron J430  1.8GHz LGA775 800 512K OEM;7809,23
P071;Intel Celeron G1610 BOX 2,6GHz DualCore LGA1155 2MB ;10118,09
F072;Intel Celeron G1620 BOX 2,7GHz DualCore LGA1155 2MB ;9988,55
J073;Intel Celeron G1630 2,8GHZ BOX Celeron LGA1155 2MB;11352,53
B074;CPU Intel Pentium G2020 2,9GHz 3MB LGA1155;14897,1
D075;CPU Intel Pentium G2030 3GHz 3MB LGA1155;14423,39
S076;CPU Intel Core i3 2120 DualCore 3,30GHz 3MB LGA1155 BOX;27899,36
O077;CPU Intel Core i3 3220 DualCore 3,3GHz 3MB LGA1155 BOX;31122,62
I078;CPU Intel Core i3 3240 DualCore 3,4GHz 3MB LGA1155 BOX;30869,89
D079;CPU Intel Core i3 3250 DualCore 3,5GHz 3MB LGA1155 BOX;34479,23
X080;CPU Intel Core i3 4130 3.4GHz 3MB L3 Cache LGA1150;30596,84
N081;CPU Intel Core i3 4330 3.5GHz 3MB L3 Cache LGA1150 BOX;34919,92
M082;CPU Intel Core i5 3330 3.0GHz 6MB L3 cache LGA1155 BOX;48262,54
J083;CPU Intel Core i5 3340 3.1GHz 6MB L3 Cache LGA1155 BOX;48621,95
C084;CPU Intel Core i5 3350P 3.10GHz 6MB L3 cache LGA1155 BOX;46755,05
I085;CPU Intel Core i5 3470 3.2GHz 6MB L3 cache LGA1155 BOX;51662,33
U086;CPU Intel Core i5 3570 3.4GHz 6MB L3 cache LGA1155 BOX;56569,61
O087;CPU Intel Core i5 3570K 3.4GHz 6MB L3 cache LGA1155 BOX;62287,15
X088;CPU Intel Core i5 4430 3.0GHz 6MB L3 cache LGA1150;50975,26
O089;CPU Intel Core i5 4440 3.1GHz 6MB L3 Cache LGA1150 BOX;49367,44
D090;CPU Intel Core i5 4670 3.4GHz 6MB L3 cache LGA1150;59442,35
H091;CPU Intel Core i5 4670K 3.5GHz 6MB L3 cache LGA1150;64065,15
I092;CPU Intel Core i7 3770 3.4GHz 8MB L3 cache LGA1155;79938,88
G093;CPU Intel Core i7 3820 3,6GHz BOX LGA2011 10M;83737,45
C094;CPU Intel Core i7 4770S 3.1GHz 8MB L3 cache LGA1150;82072,48
V095;CPU Intel Core i7 4771 3.5GHz 8MB L3 Cache LGA1150;85486,24
T096;CPU Intel Core i7 4960K 3,6GHz BOX LGA2011 12M NO COOLER;290169,6
U097;CPU Xeon E3-1220V2 Quad 3,10G BOX s1155;62255,4
B098;CPU Xeon E3-1230V2 Quad 3,3G BOX s1155;71037,45
S099;CPU Xeon E3-1240V2 Quad 3,3G BOX s1155;80854,55
R100;CPU Xeon E3-1240V3 Quad 3,4G BOX s1150;84355,94
M101;CPU Xeon E5-2620 2.0Gh LGA2011 BX80621E52620;125510,29
Y102;CPU Xeon E5-2650V2 2.6Gh LGA2011 20Mb Cash BX80635E52650V2;388010,4
K103;Ventilátor CPU ArctiCool Freezer i30 CO (320W) LGA2011/1156/1155;13323,57
O104;Ventilátor CPU ArctiCool Freezer I11 Intel Univerzális;7343,14
O105;Ventilátor CPU Cooler Master TX3 EVO univerzális;7343,14
A106;Ventilátor CPU Cooler Master X Dream I117  s1156/1155/775;3098,8
V107;Ventilátor Sys 8cm Arctic-Cooling F8 PRO;1123,95
B108;DDR2 1Gb 800MHz Kingmax;5335,27
Y109;DDR2 1Gb 800MHz Kingston CL6 KVR800D2N6/1G;5303,52
B110;DDR2 2Gb 800MHz Kingmax;10005,06
B111;DDR3 1Gb 1333MHz Kingmax FLFD45F-B8MF9;3312,16
Z112;DDR3 2Gb 1333MHz Kingmax;6115,05
X113;DDR3 4Gb 1333Mhz Kingmax FLFF;11104,88
F114;DDR3 4Gb 1333Mhz Kit 2 Kingmax;12063,73
Y115;DDR3 4Gb 1600Mhz Kingmax;11239,5
V116;DDR3 4Gb 1600MHz Corsair CMZ4GX3M1A1600C9B;13215,62
K117;DDR3 4Gb 1600MHz Kingston K2 LoVo KHX1600C9D3LK2/4GX;15513,05
G118;DDR3 4Gb 1600MHz Kingston ECC Single Rank Fujitsu KFJ-PM316ES/4G;16057,88
E119;DDR3 6Gb 1333Mhz Kit 3 Kingmax;18013,68
L120;DDR3 8Gb 1333MHz Kit 2 Kingmax 2x4Gb/1333;21857,97
D121;DDR3 8Gb 1333MHz Kingmax;21294,09
N122;DDR3 8Gb 1333MHz Kingst.Apple MAC ECC KTA-MP1333/8G;32004
F123;DDR3 8Gb 1600MHz Kingmax;21640,8
Y124;DDR3 8Gb 1600MHz Kit 2 Kingmax;22628,86
N125;DDR3 8Gb 1600MHz Kingston CL11 KVR16N11/8;22244,05
H126;DDR3 12Gb 1333MHz Kit 3 Kingmax;32410,4
O127;DDR3 16Gb 1600MHz Kingston ECC Reg. KVR16R11D4/16;49777,65
T128;SO-DIMM 1Gb 667MHz Kingmax;4495,8
C129;SO-DIMM 1Gb 800MHz Kingmax;5335,27
U130;SO-DIMM 2Gb 800MHz Kingmax;10005,06
M131;SO-DIMM DDR3 1Gb 1333MHz Kingmax;3312,16
I132;SO-DIMM DDR3 2Gb 1333MHz Kingmax;6115,05
V133;SO-DIMM DDR3 2Gb 1600MHz Kingmax;6189,98
A134;SO-DIMM DDR3 4Gb 1333MHz Kingmax;11104,88
D135;SO-DIMM DDR3 4Gb 1600MHz Kingst.Dell  KTD-L3C/4G;13378,18
S136;SO-DIMM DDR3 4Gb 1600MHz Kingmax;11239,5
G137;SO-DIMM DDR3 8Gb 1333MHz Kingmax;21475,7
E138;SO-DIMM DDR3 8Gb 1600MHz Kingmax;21273,77
Z139;SD 16Gb Kingston HC Class10 SD SD10V/16GB;4495,8
S140;SD 32Gb Kingston HC Class10 SD SD10V/32GB;9141,46
T141;SDMicro 8Gb Kingston HC Class 4 SDC4/8GBSP;2006,6
I142;SDMicro 8Gb Kingston HC Class 10;2303,78
C143;SDMicro 8Gb Kingston HC Class 10 + adapter;2307,59
R144;SDMicro 8Gb SAMSUNG HC6  MB-MS8GB/EU;2628,9
D145;SDMicro 8Gb Samsung HC4  MB-MS8GBA/EU+adapter;2628,9
M146;SDMicro 8Gb Kingston HC4 SDC4/8GB;2051,05
N147;SDMicro 16Gb Kingston + adap.+ reader MBLY4G2/;4601,21
H148;SDMicro 16Gb Silicon Power Class10 +SDAdapter;5224,78
V149;SDMicro 16Gb Samsung  HC Class6 MB-MSAGB+adap;5035,55
M150;SDMicro 16Gb Samsung Plus CL10MB-MPAGCBD0/EU;3937
P151;SDMicro 16Gb Plus  SAMSUNG UHS-1  MB-MPAGC/EU;5287,01
M152;SDMicro 16Gb Kingston HC Class 4 SDC4/16GBSP;4001,77
E153;SDMicro 16Gb Kingston HC C4;4032,25
R154;SDMicro 16Gb Kingston HC Cl10 single pack;4057,65
S155;SDmicro 16Gb Kingston +2 adap.+readerMBLY;4632,96
J156;SDMicro 16Gb Samsung Class10 UHS-1 MB-MGAGB/EU;7522,21
G157;SDmicro 16Gb Kingston HC +adapter SDC10/16GB;4066,54
J158;SDMicro 32Gb Kingston HC  SDC10/32GBSP;8839,2
B159;SDMicro 32Gb Kingston HC +adapter SDC10/32GB;8990,33
J160;SDMicro 32Gb Kingston + Reader MBLY10G2/32G;8172,45
L161;Pen Drive 4Gb Verbatim Store'N'Go 49061;2192,02
O162;Pen Drive 32Gb USB 3.0 Silicon Power Jewel J10;9763,76
H163;Kártyaolvasó 3,5' helyre beépíthetõ Sharkoon Media Reader3;2947,67
D164;PCIE 650GTX 1G ASUS DDR5 DVI GTX650-E-1GD5;31851,6
H165;PCIE 660GTX 2Gb ASUS GDDR5 GTX660-DC2-2GD5;55740,3
O166;PCIE 660GTX 2Gb Gigabyte GV-N660OC-2GD;51396,9
W167;PCIE HD6670 1Gb ASUS DDR5 EAH6670/G/DIS/1GD5;23035,26
M168;PCIE HD7850 2Gb Sapphire DDR5 OC 11200-14-20G;52120,8
C169;PCIE HD7850 2Gb Sapphire OC DDR5 11200-25-20G;48646,08
Z170;PCIE R7 260X 2GB DDR5 OC Gigabyte GV-R726XOC-2GD;39221,41
V171;PCIE R7 260X 2Gb Sapphire OC Dual-X 11222-06-20G;37932,36
I172;PCIE R7 260X 2GB DDR5 Gigabyte GV-R726XWF2-2GD;42449,75
G173;PCIE R9 290X 4Gb Asus DDR5 R9290X-4GD5;166497
K174;PCIE R9 290X 4Gb Asus DDR5 R9290X-DC2OC-4GD5;180975
H175;Trust Mini DVB-T USB stick tuner 18253;6873,24
M176;Multi I/O PCIE párhuzamos x1 Delock 89219;8997,95
Q177;Multi I/O PCIE Soros x4 Delock 89178;12288,52
V178;21,5' Acer LCD V226HQLbbd LED 5ms 100M:1 DVI BK;34011,87
E179;24' ASUS LCD ML249HR VA 16ms 5000:1 HDMI DVI DSUB;50372,01
D180;21,5' iiyama Prolite Touch Screen T2252MTS-B3;89865,2
A181;23' Dell LCD P2314H 8ms IPS LED VGA DVI DP USB BK;60128,15
C182;24' BenQ LCD GW2460HM LED 4ms HDMI/DVI/MM BK;56608,98
N183;ELO 15' Touch Screen 1537l, E701210;157086,3
K184;32' SAMSUNG  LCD TV UE32F6400A Full HD 3D Smart TV;137541
Z185;32' SAMSUNG  LCD TV UE32F4000 Full HD;86182,2
K186;32' SAMSUNG  LCD TV UE32F5300 Full HD;109016,8
J187;32' SAMSUNG  LCD TV UE32EH4003 LED;78816,2
I188;32' SAMSUNG  LCD TV UE32F5000AW Full HD;95554,8
S189;40' SAMSUNG  LED 3D TV 200hz UE40F6100A;140938,25
E190;40' SAMSUNG  LED UE40F6400 LED Smart 3D TV 200Hz;170878,5
X191;40' SAMSUNG  LED UE40F6800 LED 3D TV 400Hz;258508,5
Q192;40' SAMSUNG LCD TV UE40F6200 LED TV Full HD Smart;170891,2
R193;46' SAMSUNG LCD LED TV UE46F6100 3D 200hz;241604,8
G194;46' SAMSUNG LCD LED TV UE46F5000 LED TV Full HD 100Hz;176631,6
T195;46' SAMSUNG LCD LED TV UE46F6800 LED 3D TV 400Hz;322859,4
Q196;46' SAMSUNG LCD TV UE46F6500 LED 3D TV 400Hz;253365
Q197;46' SAMSUNG LCD TV UE46F6400 LED 3D TV 200Hz;221513,4
A198;55' SAMSUNG LCD TV TV UE55F7000 LED 3D Smart TV 800Mhz;637032
L199;50' SAMSUNG LCD TV UE50F6800SSXXH 3D LED TV;386562,6
M200;55' SAMSUNG LCD TV UE55F6400AWXXH Smart LED TV;318516
G201;32' SONY LCD LED TV 32' KDL32R420A HD ready;94107
K202;32' LG 32LN5400 LED 3D Full HD 100Hz TV;92811,6
U203;LG 32' LCD TV 32LN575S LED Smart TV;111480,6
G204;LG 32' LCD TV 32LA660S 3D Cinema Screen Smart LED TV;136860,28
Y205;LG 32' LCD TV 32LA620S 3D Cinema  LED TV;123786,9
O206;LG 32' 32LN549C LED IPS TV 1366x768 HDMI USB;84900,77
E207;LG 42' 42LA667S LED 3D Full HD Smart 400Hz;193715,64
L208;LG 42' 42LN549C LED IPS TV 1920x1080 HDMI USB;130672,84
K209;LG 42' 42LN575S LED FullL Smart WIFI SAT;151295,1
T210;LG 42' 42LN5400 LED TV FullHD USB 100Hz;130302
H211;LG 42' 42LA620S LED 3D Full HD Smart WIFI;163601,4
K212;LG 42' 42LA660S LED Plus 3D Full HD Smart WIFI;196900,8
I213;LG 47' 47LN549C LED IPS TV 1920x1080 HDMI USB;167944,8
U214;LG 47' 47WS10 LCD DVI HDMI BK;349789,75
P215;Digitális fotókeret Rollei Pictureline 8100 MM 8' WH;23309,58
D216;Acer projektor P5207B XGA 3D 4000L 10 000:1 HDMI+táska;201968,1
Y217;SSD A-DATA 256GB SX300 mSATA3 MLC ASX300S3-256GM-C;60083,7
A218;SSD A-DATA 256Gb SP900 seri.SATA3 ASP900S3-256GM-C;41696,64
A219;SSD OCZ 128GB Vertex450 VTX450-25SAT3-128G;35457,13
T220;SSD OCZ 256GB Vertex450 VTX450-25SAT3-256G;65151
Q221;SSD Kingston 120GB HyperX 3K Bundle SH1;33154,62
H222;SSD SAMSUNG 500Gb 840 EVO Basic MZ-7TE500BW;81945,48
W223;SSD Samsung 500Gb 840 EVO Notebook MZ-7TE500LW;84696,3
V224;SSD Samsung 120Gb 840 EVO Basic MZ-7TE120BW;21282,66
V225;SSD Samsung 750Gb 840 EVO Basic MZ-7TE750BW;122918,22
B226;SSD Sandisk Extreme 120Gb SDSSDX-120G-G25;38366,7
G227;SSD Sandisk 64Gb SATA3 114873;16794,48
I228;USB3 HDD 2,5' WD 500Gb MyPassport WDBPGC5000ATT;19608,8
V229;USB3 USB 2,5' 1TB WD USB 3.0 My Passport UltraBlue;25698,45
I230;USB3 USB 2,5' 1TB W DUSB 3.0 My Passport Ultra Red;25698,45
B231;USB3 USB 2,5' 2TB WDUSB 3.0 My Passport Ultra BK;41262,3
T232;USB3 USB 2,5' 2TB WDUSB 3.0 My Passport UltraBlue;41262,3
J233;USB3 HDD 2,5' WD 2Tb USB 3.0 My Passport Ultra Titanium;41262,3
P234;USB3 HDD 2,5' WD 2Tb USB 3.0 My Passport Ultra Red;41262,3
F235;USB3 HDD 2,5' 1Tb WD USB 3.0 My Passport Ultra BK;25698,45
O236;USB3 HDD 2,5' 1Tb WD My PassportUltra Titan;26929,08
H237;USB3 HDD 2,5' 500Gb WD USB 3.0 My Passport  WDBKXH5000ABK;20458,43
D238;USB3 HDD 2,5' Toshiba 2Tb HDTB120EK3CA;37642,8
G239;USB3 HDD 3,5' 1Tb WD MyBook AV-TV WDBGLG0010HBK;32720,28
D240;USB3 HDD 3,5' 2Tb WD MyBook Essential 3.0 USB3.0 WDBACW0020HBKEES;31489,65
Z241;"2Tb. WD 2,5"" 5400rpm 8Mb SATA Green 15mm WD20NPVX";45171,36
D242;"1Tb Hitachi SATA 2,5"" 7200rpm HTS721010A9E630";22637,75
K243;80Gb 8Mb SATA WD 7200rpm WD800AAJD;8849,36
K244;250Gb WD 64Mb SATA3 WD Velociraptor;26060,4
Z245;320Gb WD SATA3 16Mb WD3200AAKX;15925,8
R246;500Gb WD SATA 16Mb WD5000AVCS Green Power;17518,38
X247;500Gb WD SATA 64Mb WD5003ABYX;21427,44
M248;1Tb. WD SATA3 64Mb WD WD10EURX AV-GP 7200rpm;17533,62
B249;1TB WD 64Mb SATA3  Caviar Blu 7200rpm WD10EZEX;15925,8
U250;2,0TB WD 64Mb SATA3 Caviar Red 5400rpm WD20EFRX;28333,7
U251;3,0TB WD 64Mb SATA3 Green AV-GP WD30EURS;33733,74
R252;3,0TB WD 64Mb SATA3 WD RE Server WD3000FYYZ;70218,3
G253;3,0TB WD 64Mb SATA3 Black 7200rpm WD3003FZEX;60373,26
A254;4,0TB WD 64Mb SATA3 WD4001FAEX;71376,54
Z255;USB HDD Dokkoló Sharkoon QuickPort XT Duo;12199,62
S256;USB3 HDD Ház 2,5' SATA Wintech MOB-8;3352,8
G257;USB HDD Ház 2.5' SATA Sharkoon QuickStore Pro BK USB 3.0;5609,59
S258;USB HDD Ház 2.5' SATA Sharkoon QuickStore BK;6092,19
Q259;USB HDD Ház 3,5' PATA Delock 42371;6797,04
G260;NAS Netgear RN10200-100EUS ReadyNAS 102  2xBay;52285,9
B261;NAS Synology DS213air Disk Station 2x3,5';96612,71
G262;NAS Synology DS214se Disk Station 2x3,5';49369,98
L263;MMPlayer Popcorn Hour A-400 3D;91066,62
L264;MMPlayer Popcorn Hour A-410 3D;93165,93
Y265;MMPlayer Popcorn Hour x Tápegység C-200/300 PSU;13161,01
J266;DVD-RW Pioneer 221BK SATA BK;5111,75
M267;Blu-Ray író LG BH16NS40 SATA BK OEM;21861,78
F268;Blu-Ray író Samsung slim SN-506BB BK oem;19255,74
H269;Keyboard Eng. USB Razer DeathStalker Essential USB English RZ03-00950100-R3M1;18987,77
Y270;Keyboard Eng. USB Razer DeathStalker Expert USB English RZ03-00800100-R3M1;27619,96
V271;Keyboard Magyar PS2 ASUS +USB Mouse BK P2000;3300,73
Q272;Keyboard Magyar USB Arctic K381 BK;3794,76
L273;Keyboard Magyar USB Chicony KU0325  BK 0325KUXX-BL-HU;1873,25
C274;Keyboard orosz USB Chicony KU0325  BK 0325KUXX-BL-RU;1968,5
D275;Keyboard Magyar USB Chicony KGR1015 BK 1015KGR-BL-HU-1L;9988,55
D276;Keyboard Magyar USB Chicony WUG0977 White wireless+mouse;6070,6
U277;Keyboard Magyar USB Chicony WUG0977 Black wireless+mouse;5994,4
U278;Keyboard Magyar USB IBM Business Black Preferred ProFinger Keyboard 73P5235;8647,43
R279;Keyboard Magyar USB Modecom MC-9006 MM világítós;5148,58
L280;Keyboard Magyar USB PS2 Flexibilis Fehér White billentyûzet;2382,52
O281;Keyboard Magyar USB PS2 Flexibilis Fekete billentyûzet;2382,52
K282;Keyboard Magyar USB PS2 Flexibilis Gumi Pink billentyûzet;2293,62
Q283;Keyboard Magyar USB Trust Gamer GXT 280 világítós 19473;10690,86
L284;Távirányító Targus Presenter Wireless AMP13EU;9723,12
C285;Távirányitó Targus Presenter Wireless AMP09EU;12522,2
A286;Microsoft Mouse Optical Wir. NB 4000 BK 4DH-00002;7504,43
N287;Logitech Cordless Notebook M500 refresh USB BK 910-003725;7858,76
W288;Logitech Laser G600 USB White 910-002872;29965,65
D289;Logitech Laser G600 BK 910-002865;29965,65
F290;Mouse Trust Gamer GXT34 Laser 18249;11441,43
C291;Mouse Trust Gamer GXT 120 wireless 19339;8986,52
V292;Mouse Trust Gamer GXT 152 Illuminated 19509;8986,52
M293;Mouse Targus Wireless Optical Mouse 1000dpi AMW56EU;3517,9
J294;Joystick MAD CATZ-CYBORGH V1Flight Stick;8759,19
J295;Kormány Thrustmaster Rallye GT FFB Clutch 2960715;28905,2
E296;Kormány Thrustmaster Ferrari Challenge Wheel PC/SP3;13464,54
F297;Kormány Thrustmaster Ferrari Vibrációs GT Cockpit;97853,5
W298;Kormány Trust GXT-27 Vibration Steering Weel;10017,76
G299;Digitalizáló Tábla Genius Easypen I405X;8915,4
D300;Digitalizáló Tábla Trust Slize Ultra Sli;25260,3
I301;Scanner Epson Mobilscanner WorkForce DS-30 B11B206301;38303,2
A302;Scanner Vonalkód Laser Motorola DS457-DP20009 Scanner;224790
O303;Scanner x Motorola 25-58918-02R RS-232 Cable 9pin 6ft;4838,7
I304;Scanner x Motorola Adapter PWRS-14000-256R 5VDC,850mAh;7741,92
E305;Hangszóró Genius SW-2.1 800;7760,97
H306;Hangszóró Media-Tech Bonita 2.0 MT3135;2225,04
E307;Hangszóró JBL Micro II Ultra White akkumlátoros hangszoró;11525,25
L308;Logitech Z-906 5.1 980-000468;91414,6
G309;Fejhallgató Plantronics Discovery 975 bluetooth headset;20624,8
I310;Fejhallgató és mikrofon Genius HS-05A;2898,14
U311;Fejhallgató és mikrofon Razer Kraken Pro green;27311,35
P312;Mikrofon Trust Strazz + tartóállvány 16973;2766,06
Q313;DDVD-RW 8cm Verbatim1,4Gb 2x újraírható normál tok;400,05
O314;HP Ultrium 400 Gb Data Cartridge (C7972A);9121,14
A315;HP Ultrium 800 Gb Data Cartridge (C7973A);8759,19
M316;HP Ultrium 1,6Tb LTO4 C7974A;8903,97
V317;HP Ultrium 3Tb LTO5 C7975A;10756,9
H318;Ház Codegen Q3335-A2 400W 12cm Codegen;11089,64
U319;Ház CORSAIR Obsidian Series 650D noPS BK CC650DW-1;52445,92
Y320;Ház CORSAIR Carbide 400R Black no PS CC-9011011-WW;33883,6
T321;Ház ASUS  TA-711 midi no PS;6018,53
T322;Ház ASUS TA-7C1 BK;5821,68
H323;Ház CoolerMaster Elite 311Basic RC-311B-SKN1 Silve;12078,97
G324;Ház CoolerMaster Elite 311Basic RC-311B-BKN1 Blue;12184,38
H325;Ház CoolerMaster Elite 241 500W RC-241-KKP500-N1 Black;19911,06
H326;Ház CoolerMaster Elite 370 RC-370-KKN1 BK no PS;13936,98
E327;Ház CoolerMaster Micro Elite 342 RC-342-KKN1-GP BK;11590,02
J328;Haz Sharkoon VayaValue whit ATX 4044951012091 noPS;14630,4
E329;Ház Sharkoon T28 Black/Green 4044951012374;20574
E330;Ház Sharkoon MS140 BK mATX 4044951012084 noPS;12954
Q331;Ház Sharkoon REX8 BK ATX 4044951013210 noPS;13411,2
X332;Ház Sharkoon REX8 BK ATX 4044951013203 noPS;16764
G333;Ház Sharkoon REX8 White ATX 4044951013227 noPS;16764
B334;Ház Sharkoon Vaya Value BK ATX 4044951011704;12954
R335;Táp Chieftec 600W 12cm CTG-600-80P;22928,58
I336;Táp Chieftec 650W 12cm CTG55080P;24517,35
N337;Táp Chieftec 750W 12cm CTG750C;27489,15
R338;Táp Chieftec 700W 12cm Smart 80+ GPS-700A8 BOX;18432,78
E339;Táp CoolerMaster B500 500W RS500-ACABM3-E1;14264,64
G340;Táp CORSAIR 430W V2 12cm CMPSU-430CXV2 Builder;14102,08
P341;Táp FSP 550W 12cm Raider S 550 80+ Silver;17236,44
F342;Adapter Notebookhoz 90W AC Univ.+USB  4World 07957;4572
P343;Adapter Notebookhoz 80W autós DC 12V univ. Whitenergy 03023;2895,6
N344;Adapter Notebookhoz 70W AC Univ. 4World 07956;2843,53
I345;Adapter Notebookhoz 120W AC Univer.I-BOX IUZ120WK;6146,8
C346;Adapter Notebookhoz 120W AC Univer.Qoltec Monolith;6431,28
E347;Adapter autós 2xUSB ArctiCool;2129,79
X348;Tápkábel Y Molex 3pin mama-2x3pin papa Delock;341,63
W349;Tápkábel adapter 20pin >> 24pin KKTP2024;513,08
D350;Akku LR03 AAA i-Tec 4x1300mAh  AAABA1300;1446,53
X351;Akku LR06  AA Whitenergy 2x2800mAh 08347;1645,92
B352;Akku LR06 Sanyo AA Ceruza 4X2500mAh Eneloop XX;5839,46
Y353;NIC Intel EXPI9301CTBLK PRO/1000CT PCIE;9521,19
Q354;NIC Delock 1xGigabit LAN PCI-E 89156;5469,89
X355;NIC Delock 1xGigabit LAN PCI-E LP 89357;3896,36
B356;Powerline TP-Link TL-POE150S PoE injector;4457,7
A357;Switch Cisco SG200-08 SLM2008T-EU 8p Giga Managed;29905,96
R358;Switch TP-Link TL-SF1048 48Port;25781
G359;Router Draytek Vigor2920 4p Gigabit;59344,56
B360;Router Draytek Vigor2912n 2xWAN VPN 4x100Mbp+USB;45707,3
D361;Wlan NIC TP-Link TL-WN727N 150M USB Ralink;2101,85
F362;Wlan Accp Draytek Vigor AP800  PoE 4xSSID USB;29672,28
N363;Wlan Router Draytek Vigor2920n 2xWAN VPN 4p Gigabit;74930
A364;Wlan Router Draytek Vigor2920Vn 2xWAN VPN +USB+Voip;78676,5
G365;Wlan Router Draytek Vigor2925n 5p Gigabit Dual-WAN;84267,04
Y366;Wlan Router Edimax BR-6228nS V2 N150  5dBi;5334
E367;UTP Kábel Fali CAT5e 305m 24AWG M-Tech;30363,16
Y368;UTP Kábel Fali CAT5e 305m  24AWG  M-Tech;9448,8
W369;UTP Kábel Fali CAT6  305m  23AWG M-Tech MTW-305U-CAT6;15166,34
F370;UTP Kábel Fali CAT6  305m  26AWG Wiretek N6UBG24;27432
E371;UTP Kábel Patch CAT5 Lengõ 305m Color Blue;29578,3
I372;Szerszámkészlet Sprotek Csavarhúzó készlet 30db STD5808;7007,86
P373;Legrand elosztósor 9x2P+F német szabv646555;7942,58
S374;Legrand Swing audió lak.készl 344704;6443,98
K375;Patch Panel Legrand 24 KEYSTONE UTP/FTP;6144,26
I376;Kábel UTP LCS6 Cat6e fali kábel U/UTP 032754 Legrand;35217,1
T377;Festékszalag C13S015329 [FX-890];2192,02
O378;Festékszalag Tally 2045,2055,2070,2710,2265+,2280+  062471;10648,95
O379;Konica Minolta Drum Minolta PP1300 20K 4519313;27843,48
K380;Toner Kyocera TK-825K Black 15K KM-C2520/KM-C3225;17533,62
T381;Toner Kyocera TK-825C Cyan 7K KM-C2520/KM-C3225;28515,31
G382;Toner Kyocera TK-825M Magenta 7K KM-C2520/KM-C3225;28515,31
C383;Toner Kyocera TK-825Y Yellow 7K KM-C2520/KM-C3225;28515,31
A384;Festékszalag Brother TZ231 12mm Wh/BK;5289,55
Q385;Festékszalag Brother DK11201 Standard 29mmx90mm  ;3324,86
X386;Patron Brother LC-980 Kit;12543,79
S387;Toner Brother TN1030BK BK 1K HL110E/DCP1510E/MFC1810;12887,96
V388;Toner OKI 44059209 Yellow 9.5K MC860;62217,3
Q389;Toner OKI 44059210 Magenta 9.5K MC860;62217,3
K390;Toner OKI 44059211 Cyan 9.5K MC860;62217,3
D391;Toner OKI 44064012 Drum 20K Black C800/C810;23228,3
F392;SAMSUNG SL-M2022 20pp Mono Laser 128Mb 1200dpi;22802,85
Q393;SAMSUNG SL-M2022W 20pp Mono Laser 128Mb 1200dpi Wlan;26639,52
G394;SAMSUNG SL-M2070 20pp MFP Mono Laser 128Mb 1200dpi;36918,9
I395;SAMSUNG SL-M2070W 20pp MFP Mono Laser 128Mb 1200dpi Wlan;39814,5
Z396;Toner Samsung CLT-K506L Black 6K CLP-680ND/CLX-6260;23686,77
L397;Toner Samsung CLT-C506L Cyan 3,5K CLP-680ND/CLX-6260;23397,21
B398;Toner Samsung CLT-M506L Magenta 3,5K CLP-680ND/CLX-6260;23397,21
N399;Toner Samsung CLT-Y506L Yellow 3,5K CLP-680ND/CLX-62;23397,21
J400;Epson Expression Home XP-305 Inkjet Business MFP;22252,94
X401;Patron Epson C13T70214010 BK 2,4k WP4000/4500;10714,99
U402;Canon Smartbase MG4250 MFP Ink Pixma USB/Wlan;24569,42
B403;Canon MG2550 MFP Ink Pixma USB White;14767,56
P404;Patron Canon CLI-551XL Cyan;4250,69
M405;Patron Canon CLI-551XL Magenta;4250,69
T406;Patron Canon CLI-551XL Yellow;4250,69
M407;Patron Canon CLI-551 BK;4121,15
M408;Patron Canon CLI-551 Cyan;4086,86
Q409;Patron Canon CLI-551 Magenta;4086,86
E410;Patron Canon CLI-551 Yellow;4086,86
N411;Patron Canon CLI-551XL Grey;4272,28
Z412;Patron Canon CLI-551XL BK;4220,21
X413;Patron Canon PG-545 BK 8ml 180 oldal;3971,29
N414;Patron Canon PG-540XL BK 600 oldal;6983,73
I415;Patron Canon PGI-520BK IP3600,4600,MP540,620,630,980;3909,06
M416;Patron Canon PG-545 XL BK 15ml 400 oldal;5424,17
R417;Patron Canon PG-545 +CL-546 Multipack;7846,06
R418;Patron Canon CL-546 8ml 180 oldal;4681,22
L419;Patron Canon CL-546 XL 13ml 300 oldal;5914,39
W420;Patron Canon BCI 1431PM Magenta W6200P;25565,1
J421;Patron Canon BCI 1431PC Cyan W6200P;25565,1
F422;Patron Canon BCI 1431 Black W6200P;25565,1
V423;Patron Canon BCI 1431 Cyan W6200P;25565,1
P424;Patron Canon BCI 1431 Magenta W6200P;25565,1
C425;Patron Canon BCI 1451 Black W6400P;25581,61
D426;Patron Canon BCI 1451 Yellow W6400P;25581,61
N427;Canon x Nyomtató Fej IX4000 QY6-0064;29565,6
L428;HP LaserJet Enterprise 600 M602dn CE992A;325767,7
O429;HP Color LaserJet  Pro 400 Mono M401d CF274A;76347,32
S430;HP Color LaserJet  Pro 400 Mono M401dne CF399A;93281,5
D431;Patron HP C6657GE No.57 Color 7ml 165 oldal;5320,03
N432;Patron HP C9386AE No.88 Cyan 10ml [HP OfficeJet Pro K500, K550];4665,98
K433;Patron HP C9387AE No.88 Magenta 10ml [HP OfficeJet Pro K500, K550];4665,98
M434;Patron HP C9388AE No.88 Yellow 10ml [HP OfficeJet Pro K500, K550];4665,98
V435;Patron HP CN637EE No.300 BK + color;7631,43
C436;Patron HP CN625AE No.970 XL Black;30789,88
F437;Patron HP CN626AE No.971 XL Cyan;30200,6
U438;Patron HP CN627AE No.971 XL Magenta;30200,6
P439;Patron HP CN628AE No.971 XL Yellow;30200,6
J440;Toner HP CB540A Fekete CM1212, 1215, 1312 Color LaserJet;20831,81
N441;Toner HP CB541A Cyan CM1212, 1215, 1312 Color LaserJet;19034,76
X442;Toner HP CB542A Yellow CM1212, 1215, 1312 Color LaserJet;19034,76
B443;Toner HP CB543A Magenta CM1212, 1215, 1312 Color LaserJet;19034,76
V444;Toner HP CE390A BK 10K M4555;46126,4
H445;Toner HP CF211A cian 1,8K 131A;22209,76
H446;Toner HP CF212A yellow 1,8K 131A;22209,76
J447;Toner HP CF213A magenta 1,8K 131A;22209,76
U448;Toner HP CF280X BK 6,9K M401A;46523,91
B449;Toner HP CF280XD BK 2X6,9K M401/M425;87668,1
D450;Toner HP Q7553XD BK 7K Duo LJM2727/LJP2010/2014;81724,5
K451;KVM 2PC CPU Switch PS2 +kábel+aud ATEN CS62A-A;9316,72
G452;KVM 4PC CPU Switch PS2+USB ATEN CS84U +4kábel;31920,18
M453;KVM 4PC CPU Switch USB ATEN CS-64US +audiokábel;22125,94
H454;VGA Distributor Aten Video Switch 4-Port VS-491;11913,87
S455;VGA Distributor 2x1 450Mhz Splitter with Audio VS0102;24936,45
A456;Kábel Monitor DMS-59male > 2xDVI female 20cmDelock 65281;6286,5
V457;Fordító DVI - 2xDVI (DVI 24+1M-2xDVI 24+1F) Delock;2293,62
N458;Forditó HDMI micro - VGA adapter(f) Delock 65347;7946,39
S459;Fordító HDMI papa - 2x HDMI mama Delock 65056;2438,4
X460;Forditó HDMI-VGA konverter  Delock 65346;8893,81
F461;Fordító SATA 2,5' Konverter SATA 22pin - mSATA  61892;7536,18
Q462;Fordító SATA 22p - St Slim SATA bu 5V Delock 65156;1146,81
J463;Fordító B male - A female Delock 61098;361,95
E464;USB (A-B) 1m micro B (Forgatott) Delock 83147;1009,65
Q465;USB (A-B) 4,5m Kábel USB5022;476,25
J466;USB (A-A) Papa>Mama 10m Hosszabbító Aktív Wiretek VE594;2948,94
M467;USB - Soros Adapter + DB9 -DB25 adapt. Delock 61308;5295,9
O468;CD PORTABOX Tasakos   144db     ;1607,82
M469;Papír HP Q5441A Semi Glosy 10x15/100lap;2755,9
Q470;12' Táska Targus Notebook CN312 BK;4724,4
K471;15,4' Táska Targus TBC002EU BK;3735,07
F472;15,6' Táska Targus Classic+ Clamshell Case CN415EU;5570,22
B473;16' Táska Targus Notepac CN01 BK;8463,28
Q474;17' Táska Targus TBC005EU BK;7467,6
C475;Microsoft Windows 7 Home Premium 64-bit ENG SP1 GFC-02050;31272,48
W476;Windows Server Standard R2 2008 SP1 64Bit EN P73-05128;213233
P477;MS Office 2013 Home and Student HUN PKC 79G-03713;35181,54
O478;Symantec NAV v21 2014 HU UPG 5 User 21298889;19038,57
H479;Symantec NIS v21 2014 HU 3 User 21298385;14605
U480;APPLE Parallels Desktop 9 for Mac Retail Box EU PDFM9L-BX1-EU;23625,81
O481;Canon EOS 1100D + 18-55mm 75-300 Obj.Kit;144589,5
Q482;Nikon Dig.Cam Coolpix S31 10Mp Blue;28521,66
R483;Nikon Dig.Cam Coolpix S31 10Mp Pink;28521,66
X484;Nikon Dig.Cam D5100 Digitális SLR váz + 18-55VR;165917,88
P485;Nikon Dig.Cam Coolpix P520 18Mp 42x 3' Black;108585
V486;Nikon Dig.Cam Coolpix AW120 16Mp 5x zoom 3' BK Kalandálló;111335,82
G487;Nikon Dig.Cam Coolpix S32 13Mp Blue;33878,52
H488;Nikon Dig.Cam Coolpix  S9500 18Mp 22x 3' Fekete;75719,94
K489;Nikon Dig.Cam Coolpix S9500 18Mp 22x 3' Bronz;75719,94
U490;Nikon D5100 Digitális SLR váz + 18-105VR;192557,4
W491;Nikon D5100 Digitális +(18-55/55-300);244678,2
A492;GoPro HD Hero2 Outdoor Edition kamera CHDOH-002;98450,4
R493;GoPro HD Hero2 Surf Edition kamera CHDSH-002;99314
F494;GoPro Hero3+ Black Edition Adventure CHDHX-302;135826,5
H495;GoPro Hero3+ Silver Edition kamera CHDHN-302;106616,5
V496;GoPro x Floaty Backdoor AFLTY-003;7578,09
U497;GoPro x Suction Cup  AUCMT-302;10549,89
V498;GoPro x Helmet Front Mount  AHFMT-001;3714,75
E499;GoPro x Surf Mounts ASURF-001;5497,83
M500;Nikon Dig.Cam Coolpix L820 16Mp 30x zoom 3' Black;55683,15
K501;Nikon Dig.Cam Coolpix L820 16Mp 30x zoom 3' Blue;58187,59
V502;Nikon Dig.Cam Coolpix L820 16Mp 30x zoom 3' Red;55683,15
A503;Nikon Dig.Cam Coolpix L820 16Mp 30x zoom Fioletowy;57144,92
V504;Nikon Dig.Cam D3100 Digitális SLR váz + 18-55VR;114795,3
N505;Nikon Dig.Cam D3100 SLR váz + 18-55VR+55-200VR;190530,48
F506;Smartphone Huawei Ascend P6 Black 4,7';117995,7
P507;Smartphone Nokia Lumia 520 Black A00011468;46040,04
E508;Smartphone Prestigio 5044DUO Andr 4.2 BK;66158,11
N509;Smartphone Prestigio MultiPhone 7600 DUO 6' BK;87157,56
R510;Smartphone Prestigio MultiPhone 4055 DUO 4,0' White;41117,52
P511;Smartphone Prestigio MultiPhone 5450 DUO 4,5'BK;46329,6
K512;Smartphone Prestigio MultiPhone 3350 DUO 3,5'BK;23599,14
I513;Smartphone WayteQ TALK 5H DualSIM QC 1,2Ghz 5,5';53380,64
Z514;Telefon GSM Caterpillar B25 toughphone IP67;30121,86
Z515;PNA NavRoad VIVO S 6' no Map;46040,04
P516;PNA NavRoad LEEO S 7' no Map;55740,3
M517;PNA NavRoad LEEO ST 7' with DVB-T no Map;63703,2
H518;Apple MacBook Air 11' i5 1,3Ghz 4G 256GB MD712;381990,6
H519;Apple iPad Mini Retina 7,9'  16Gb+4G Space Gray ME;166352,22
C520;Apple iPad Air Wi-Fi 32Gb Silver MD789;183870,6
Z521;Apple iPad Air Wi-Fi 32Gb SpaceGray MD786;183870,6
X522;Apple TV Full HD md199fd/a;33437,83
O523;Tablet Lenovo IP 7' 59-374506 A7 16Gb GPS+3G 4.2 JB;62544,96
P524;Tablet Lenovo IP 7' 59-362032 A9 16Gb GPS+3G Modem;55740,3
V525;Tablet Lenovo 10.1' IT S6000 59-373790 1G 32Gb 3G;107861,1
K526;Tablet Lenovo IdeaPad A10 10,1' 59-399579 16G Brow;75719,94
H527;Tablet Lenovo IdeaTab Miix2 8' IPS Z3760 2G 32G W8 Silver;108585
W528;Tablet Lenovo IdeaTab Miix2 10,1' IPS Z2760 2G 64G W8+billentyû;139204,7
S529;Tablet Lenovo 10.1' IPS N3S25GE Z2760 2G 64G W8Pro;236791,5
U530;Tablet Lenovo 10.1' Yoga10 59-388203 IPS 1G 16Gb;122194,32
Q531;Tablet LG G-Pad 8.3 Black 8,3' QC 1,7Ghz 16Gb;91211,4
Q532;Tablet LG G-Pad 8.3 White 8,3' QC 1,7Ghz 16Gb;91211,4
S533;Tablet TEXET 7,85' TM-7854 QC 1Ghz 16Gb BK;49657
T534;Tablet TEXET 8' TM-8041HD DC 1,5Ghz 8Gb BK;45605,7
A535;Tablet SAMSUNG Galaxy 7' Black 8G WiFi G;51107,34
Z536;Tablet Samsung Galaxy Note N5510 8' 16GB white;111480,6
I537;Tablet Samsung Galaxy Tab 3  7' White 8G WiFi T210;51396,9
M538;PC MSI mini DC111-027XEU White DC 1037U 1,8 4G 500;82090,26
E539;Barebone Sapphire EDGE HD3 Barebone SFF AMD E450 HD6320;73837,8
C540;Dell PC Optiplex 3020MT i3-4130 3.4 4 500 Linux 3Y;133197,6
N541;Dell PC Optiplex 3020MT i3-4130 3.4 4 500 W7/W8Pro64bit 3Y;171129,96
G542;Dell PC Optiplex 3020MT i5-4570 3.2 4 500 W7/W8 3Y;204067,41
J543;Dell PC Optiplex 3020MT i5-4570 3.2 4 500 W7/W8 5Y;209062,32
V544;Dell PC Optiplex 3020MT i5-4570 3.4 4 500 Linux 5Y;171129,96
M545;Dell PC Optiplex 3020MT i3-4130 3.4 4 500 W7/W8Pro64bit 5Y;180830,22
A546;Dell PC Optiplex 3020MT i5-4570 3,2 8 1Tb W7/W8 5Y;227449,38
B547;Dell PC Optiplex 3020SF i3-4130 3.4 4 500 W7Pro/W8Pro 5Y;178948,08
N548;Dell Srv PE T110 II 4C E3-1230v2 3,3 2x8G 2x2TB;405142,7
U549;Dell Srv PE R210 II E3-1230v2 3,3 8G noHDD H200 4Y;328612,5
G550;Dell Srv PE R320 6C E5-2407 8G no HDD H310;490575,6
M551;PC Lenovo IdeaCentre Q190 57-316686 DC2127U 4 500;95554,8
N552;PC Lenovo ThinkCentre Edge 72 SFF RCHK5HX i5-3470 4 500 DOS;155204,16
U553;PC Lenovo ThinkCentre Edge92 SFF RB7LKHX i5-3470 4G 1Tb DOS;159258
J554;HP Srv CPU KIT E55620 DL380 G7 CPU KIT 587476-B21;249631,2
R555;HP PC 3500 MT D5R81EA i3-3240 3,4 4G 500;134934,96
W556;HP PC 3500 MT D5S29EA i5-3470 3,2 4G 500 DOS;159258
P557;HP PC 3500 MT D5R79EA i3-3240 3,4 4G 500 W8Pro64;175618,14
Y558;HP Srv ML350E Gen8 E5-2407 1x8GB 1x1Tb 741774-425;398862,55
K559;HP Srv N54L MicroServer AMD2,2 2G 250G 704941-421;82524,6
F560;Notebook HP Pavilion 17-E050SH E6A88EA 17,3' A4-5000 750;131673,6
O561;Notebook HP Pavilion 17-E051SH E6A89EA 17,3' A4-5150 8G 8750/2G 1Tb;157048,2
Q562;Notebook HP Pavilion 15-N051SH F2T49EA 15,6' A6-5200 8G;156362,4
U563;Notebook HP  ZBook 17,3' FHD F0V51EA i7-4700MQ 4G 500 K610M 1G W8Pro;515721,6
A564;Notebook HP  ZBook 17,3' FHD F0V53EA i7-4700MQ 4 750+32 K3100 W8Pro;710351,64
U565;Notebook HP  ZBook 14' HD+ F0V01EA i5-4300U 4 750+32 M4100/1G W7Pro;450570,6
J566;Notebook HP  ZBook 15,6' FHD F0U60EA i7-4700MQ 4 500 K1100M/2G W8Pro;538215,84
T567;Notebook HP  ZBook 15,6' FHD F0U61EA i7-4700MQ 4 750+32 K1100M/2G W8P;559612,8
L568;Notebook HP  ZBook 14' FHD F0V03EA i7-4600U 8 180 M4100/1G W7Pro;579363,84
W569;Notebook HP 650 G1 H5G79EA 15.6' i5-4200M 2,5Ghz 4G 500 HD8750M/1G W8P;300654,72
Y570;Notebook HP 850 G1 H5G44EA 14' i7-4600U 8G 180 HD8750M/1G W8Pro;499811,04
X571;Notebook HP x akku 6-cella QK646AA 10,8V 4400mAh;12908,28
T572;Notebook Acer E1-530-21172G50MNKK 15,6' 2117U 2G 500 BK;98755,2
O573;Notebook Acer E1-530-21174G75MNKK 15,6' 2117U 4G 750 BK;105613,2
Q574;Notebook Acer E1-530G-21174G75MNK 15,6' 2117U 4 750 W8;127558,8
D575;Notebook Acer E1-532-29554G50MNRR 15,6' Ce2955 4 500 Red;94366,08
H576;Notebook Acer E1-531G-20204G75Maks 15,6' 2020M  4G 750 GT710/2Gb Linux;116997,48
R577;Notebook Acer V3-772G-747a161TMamm 17,3' i7-4702MQ 16 1T;334670,4
Y578;Notebook Acer V3-772G-747A8G1TMakk 17,3' i7-4702MQ 8 1Tb GTX760M/2Gb;314370,72
C579;Notebook Acer x Akku Eredeti AS07B41 , AS07B31 4400mAh;24790,4
T580;Notebook ASUS X551CA-SX030D 15,6' Black 2117U 4G 500 DVDRW;108658,66
V581;Notebook ASUS S551LB-CJ242H 15,6'Touch HD i5 4 1Tb GT740/2G W8;238658,4
G582;Notebook Dell Inspiron 5737 17,3' HD+ Silver i7-4500U 16 1T HD8870/2Gb;285429,96
T583;Notebook Dell Inspiron 7537 15,6' FHD Touch i7-4500U 8G 1Tb GT750M/2Gb Linux;337687,92
N584;Notebook Dell Latitude E5540 15.6' HD i5-4200U 4G 500Gb Linux;255117,6
C585;Notebook Dell Vostro 3360 13,3' Red i5-3337 4 500 LNX;224942,4
S586;Notebook Dell Vostro 3360 13,3' Silver i5-3337 4 500G LNX;215341,2
M587;Notebook Dell Vostro 3460 14' Silveri7-3632 8 500GT630W8;301752
Q588;Notebook PackardBell EasyNote 17,3' ENLE69KB-45004G1TMNSK;124678,44
C589;Notebook PackardBell EasyNote 10,1' Touch ENME69BMP-28052G50NII;107944,92
H590;Notebook Lenovo IdeaPad B590 59-389652 15,6' i3-3110M 4G 1TB;145115,28
O591;Notebook Lenovo ThinkPad E531 N4I6WHV 15,6' i5-3230 4 500GT730;224256,6
A592;Notebook Lenovo ThinkPad Edge E531 N4IDUHV 15,6' i3-3110M 4 500 GT740M/2Gb;187909,2
O593;Notebook Lenovo ThinkPad Edge E531 N4IDSHV 15,6' i3-3110M 4G 500 HD4000;165963,6
L594;Notebook Lenovo ThinkPad T540p 20BE003YHV 15,6' i5 4G 500 W7P;362102,4
D595;Notebook Lenovo ThinkPad T540p 20BE0041HV 15,6' i5-4200M 4G 500 W7P/W8P;340156,8
Y596;Notebook Lenovo ThinkPad X1 Carbone 20A7003UHV 14' i7-4550U 8G 256 SSD W8Pro;713232
X597;Notebook Lenovo Yoga 20CD0038HV 12,5' BK i7 8 256 W8.1Pr;467715,6
J598;Notebook Sony Vaio Fit SVF1532A1EW 15,5' 3556U 4 500 W8 White;153070,56
L599;Notebook Toshiba Satellite U940-100 14' i3-3217U 4G 500+32G W8 BK;201076,56
K600;WPower Acer x akkumulátor AS07B41 4400mAh 11,1V;18431,51
P601;WPower ASUS Akku AL23-901 10400mAh Black;23622
K602;Akku Bank Wpower JC027 11200mAh univerzális for NB;14996,16
A603;Akku Bank Prestigio 4000mAh PBC01040;8122,92
D604;Akku Bank Napelemes PowerBank 23 000mAh USB 5V/12V/16V/19V;37490,4
R605;Akku Bank Napelemes PowerBank 12 000mAh USB;27336,75
Z606;Dell x Utángyártott akku VostroV130,V13 2700mAh;21451,57
V607;Panasonic Akku utángyártott típus VW-VBG26 2800mAh;11061,7
V608;Panasonic Akku utángyártott típus VW-VBG390 3960mAh;9189,72
K609;Canon Dig.Cam x NB-6L 3,7V 1100mAh Wpower akku;2926,08
L610;Canon Dig.Cam x NB-4L 3,7V 710mAh Wpower akku;4206,24
C611;Notebookhûtõ Targus Lap Chill Mat AWE55EU;8161,02
